antecedents,consequents,antecedent support,consequent support,support,confidence,lift,representativity,leverage,conviction,zhangs_metric,jaccard,certainty,kulczynski,Antecedent_Item,Consequent_Item,product_name_ant,Antecedent_Dept,product_name_con,Consequent_Dept
frozenset({'Blueberries'}),frozenset({'Raspberries'}),0.0189020657738075,0.0202305917490128,0.0020920079913359,0.1106761565836299,5.470732539943144,1.0,0.0017096080154531,1.1017014954722986,0.8329536677974732,0.0564787069826568,0.0923131137520142,0.1070421514422721,Blueberries,Raspberries,Blueberries,frozen,Raspberries,produce
frozenset({'Raspberries'}),frozenset({'Blueberries'}),0.0202305917490128,0.0189020657738075,0.0020920079913359,0.1034081463009144,5.470732539943144,1.0,0.0017096080154531,1.094252563391535,0.8340831178236655,0.0564787069826568,0.0861341947414843,0.1070421514422721,Raspberries,Blueberries,Raspberries,produce,Blueberries,frozen
frozenset({'Organic Raspberries'}),"frozenset({'Organic Strawberries', 'Organic Hass Avocado'})",0.0469490989566866,0.0128917469948406,0.0027579526573882,0.0587434629987821,4.556672033843962,1.0,0.0021526967520029,1.0487133041859364,0.8189925522575844,0.0483148715531463,0.0464505446736467,0.1363375546144445,Organic Raspberries,,Organic Raspberries,produce,,
frozenset({'Cucumber Kirby'}),"frozenset({'Banana', 'Organic Avocado'})",0.0325976550675698,0.0171295766879006,0.0024956108192464,0.0765579859678085,4.469344885906295,1.0,0.0019372267869208,1.06435532321127,0.8024102543389966,0.0528377127394431,0.060464134305359,0.1111240744682945,Cucumber Kirby,,Cucumber Kirby,produce,,
frozenset({'Organic Lemon'}),"frozenset({'Organic Hass Avocado', 'Bag of Organic Bananas'})",0.0283833688728045,0.0202642253180053,0.0025359711020375,0.0893470790378007,4.409104105174603,1.0,0.0019608041199149,1.0758607940847564,0.7957835738130876,0.0549963530269876,0.07051171908285,0.1072461536267841,Organic Lemon,,Organic Lemon,produce,,
frozenset({'Organic Cucumber'}),"frozenset({'Organic Hass Avocado', 'Bag of Organic Bananas'})",0.0264057150160432,0.0202642253180053,0.0023341696880822,0.088396382626417,4.3621890913280605,1.0,0.0017990783293141,1.0747387965667654,0.7916616942818986,0.0526475496889698,0.0695413590776821,0.1017915523090591,Organic Cucumber,,Organic Cucumber,produce,,
frozenset({'Organic Hass Avocado'}),"frozenset({'Organic Raspberries', 'Bag of Organic Bananas'})",0.068471219755013,0.0137325862196541,0.0039216741445301,0.0572747814127124,4.170720685572004,1.0,0.0029813872156795,1.0461875786650834,0.8161135765568656,0.0500966702470461,0.0441484678340551,0.1714245570056459,Organic Hass Avocado,,Organic Hass Avocado,produce,,
frozenset({'Limes'}),"frozenset({'Banana', 'Large Lemon'})",0.0450723458069029,0.0127168524360794,0.0023812566846718,0.0528318782180434,4.1544775708926505,1.0,0.0018080783140975,1.042352592807382,0.7951344217915953,0.0429768119460968,0.0406317335416351,0.1200419639701695,Limes,,Limes,produce,,
frozenset({'Organic Raspberries'}),"frozenset({'Organic Hass Avocado', 'Bag of Organic Bananas'})",0.0469490989566866,0.0202642253180053,0.0039216741445301,0.0835303388494877,4.12205932073152,1.0,0.0029702870247945,1.0690324145068368,0.7947139141946004,0.0619619513232011,0.0645746691775315,0.1385286549019223,Organic Raspberries,,Organic Raspberries,produce,,
frozenset({'Cucumber Kirby'}),"frozenset({'Organic Baby Spinach', 'Banana'})",0.0325976550675698,0.0160398490525423,0.0020953713482352,0.0642798184069335,4.007507688904655,1.0,0.0015725098814845,1.0515538408846354,0.7757561839997648,0.0450209567856626,0.0490263445200913,0.0974575858652407,Cucumber Kirby,,Cucumber Kirby,produce,,
frozenset({'Organic Raspberries'}),"frozenset({'Organic Strawberries', 'Bag of Organic Bananas'})",0.0469490989566866,0.0195041066587739,0.0036088819528995,0.0768679704849917,3.941117213405539,1.0,0.0026931817193149,1.0621404761097448,0.7830272663177988,0.0574257425742574,0.0585049506232397,0.1309499362685348,Organic Raspberries,,Organic Raspberries,produce,,
frozenset({'Organic Avocado'}),"frozenset({'Organic Baby Spinach', 'Banana'})",0.0582197079260868,0.0160398490525423,0.0035348881011159,0.0607163489312536,3.785344159559276,1.0,0.0026010527740984,1.0475644389507652,0.7813109219337114,0.0499809777439604,0.0454047857890303,0.1405489901502567,Organic Avocado,,Organic Avocado,produce,,
frozenset({'Apple Honeycrisp Organic'}),"frozenset({'Organic Hass Avocado', 'Bag of Organic Bananas'})",0.0280907568225694,0.0202642253180053,0.0021525484155225,0.0766283524904214,3.781459754216945,1.0,0.0015833109899167,1.0610416480995877,0.7568112606845001,0.0465895028026497,0.0575299265668959,0.0914262094402314,Apple Honeycrisp Organic,,Apple Honeycrisp Organic,produce,,
frozenset({'Organic Baby Carrots'}),frozenset({'Original Hummus'}),0.0243372505230019,0.0227665628510503,0.0020011973550561,0.0822277501381979,3.6117770906469606,1.0,0.0014471218114024,1.064788608825448,0.7411659260478942,0.0443698732289336,0.0608464518576276,0.0850642370132561,Organic Baby Carrots,Original Hummus,Organic Baby Carrots,produce,Original Hummus,deli
frozenset({'Original Hummus'}),frozenset({'Organic Baby Carrots'}),0.0227665628510503,0.0243372505230019,0.0020011973550561,0.0879007238883143,3.61177709064696,1.0,0.0014471218114024,1.0696892049254616,0.7399746649441906,0.0443698732289336,0.0651490214209627,0.0850642370132561,Original Hummus,Organic Baby Carrots,Original Hummus,deli,Organic Baby Carrots,produce
frozenset({'Organic Hass Avocado'}),"frozenset({'Organic Strawberries', 'Bag of Organic Bananas'})",0.068471219755013,0.0195041066587739,0.0046986095882578,0.0686216720699479,3.5183191555752815,1.0,0.0033631396150997,1.052736427226448,0.7683856734061048,0.056421647819063,0.050094616147546,0.1547626380698075,Organic Hass Avocado,,Organic Hass Avocado,produce,,
frozenset({'Organic Hass Avocado'}),"frozenset({'Organic Baby Spinach', 'Bag of Organic Bananas'})",0.068471219755013,0.0160297589818446,0.0036256987373958,0.0529521564004322,3.3033657249872683,1.0,0.00252812158753,1.0389868343696893,0.7485312987771274,0.0448307410795974,0.0375238964344922,0.1395688184436068,Organic Hass Avocado,,Organic Hass Avocado,produce,,
frozenset({'Blueberries'}),frozenset({'Strawberries'}),0.0189020657738075,0.0490411069480226,0.0029193937885524,0.1544483985765124,3.1493660765081843,1.0,0.0019924155594006,1.1246609804192156,0.6956245226845515,0.0448973258159623,0.1108431630416736,0.1069889616502341,Blueberries,Strawberries,Blueberries,frozen,Strawberries,produce
frozenset({'Strawberries'}),frozenset({'Blueberries'}),0.0490411069480226,0.0189020657738075,0.0029193937885524,0.0595295247239558,3.1493660765081843,1.0,0.0019924155594006,1.0431990796289734,0.7176711708458592,0.0448973258159623,0.0414101972217399,0.1069889616502341,Strawberries,Blueberries,Strawberries,produce,Blueberries,frozen
frozenset({'Large Lemon'}),"frozenset({'Banana', 'Organic Avocado'})",0.0497642286813622,0.0171295766879006,0.0026503252366121,0.053257637199243,3.1091041051155193,1.0,0.0017978850651005,1.0381603928702043,0.7138901299088919,0.0412543845871943,0.0367577044282167,0.103989902440187,Large Lemon,,Large Lemon,produce,,
frozenset({'Organic Raspberries'}),"frozenset({'Organic Strawberries', 'Banana'})",0.0469490989566866,0.0177551610711619,0.0024081635398658,0.0512930725696683,2.88891057445708,1.0,0.0015745747257439,1.0353511822553538,0.6860585846249644,0.0386567325342835,0.034144146315984,0.0934624105034361,Organic Raspberries,,Organic Raspberries,produce,,
frozenset({'Organic Roasted Turkey Breast'}),frozenset({'Organic Hass Avocado'}),0.0101607011926463,0.068471219755013,0.0020045607119553,0.1972856669976829,2.8812933040124316,1.0,0.0013088451077286,1.1604735856165385,0.6596359970134217,0.026159856033007,0.1382828421133616,0.1132808136540629,Organic Roasted Turkey Breast,Organic Hass Avocado,Organic Roasted Turkey Breast,deli,Organic Hass Avocado,produce
frozenset({'Organic Zucchini'}),"frozenset({'Organic Hass Avocado', 'Bag of Organic Bananas'})",0.0345517654260364,0.0202642253180053,0.0020011973550561,0.0579188163146111,2.858180631417893,1.0,0.001301032595328,1.039969581866928,0.6733940338883377,0.0378908488823791,0.0384334143650391,0.0783370015183014,Organic Zucchini,,Organic Zucchini,produce,,
frozenset({'Organic Whole Strawberries'}),frozenset({'Organic Baby Spinach'}),0.0094241260317097,0.0767787112961704,0.0020550110654441,0.2180585296216988,2.8400910348774633,1.0,0.0013314388136368,1.1806782523724924,0.654062578562739,0.0244214397058235,0.1530292033493727,0.1224119527379564,Organic Whole Strawberries,Organic Baby Spinach,Organic Whole Strawberries,frozen,Organic Baby Spinach,produce
frozenset({'Feta Cheese Crumbles'}),frozenset({'Organic Baby Spinach'}),0.0103725926772993,0.0767787112961704,0.0022399956949031,0.2159533073929961,2.8126716865560013,1.0,0.00144360139634,1.1775080456421052,0.6512209978451593,0.0263804166996752,0.1507489025650848,0.122564002566307,Feta Cheese Crumbles,Organic Baby Spinach,Feta Cheese Crumbles,dairy eggs,Organic Baby Spinach,produce
frozenset({'Organic Whole String Cheese'}),frozenset({'Organic Hass Avocado'}),0.019544466941565,0.068471219755013,0.0036256987373958,0.1855102392015143,2.709316992822117,1.0,0.0022874652464453,1.1436961212769108,0.6434797545071748,0.0429636124506795,0.1256418716507295,0.1192311978009733,Organic Whole String Cheese,Organic Hass Avocado,Organic Whole String Cheese,dairy eggs,Organic Hass Avocado,produce
frozenset({'Organic Hass Avocado'}),frozenset({'Organic Whole String Cheese'}),0.068471219755013,0.019544466941565,0.0036256987373958,0.0529521564004322,2.709316992822117,1.0,0.0022874652464453,1.035275609025084,0.6772772877202128,0.0429636124506795,0.0340736406011756,0.1192311978009733,Organic Hass Avocado,Organic Whole String Cheese,Organic Hass Avocado,produce,Organic Whole String Cheese,dairy eggs
frozenset({'Organic Strawberries'}),"frozenset({'Organic Hass Avocado', 'Bag of Organic Bananas'})",0.0857992344999697,0.0202642253180053,0.0046986095882578,0.0547628381027048,2.702439261472598,1.0,0.002959954568238,1.0364973090091518,0.6890870749110657,0.0463534408388081,0.0352121599274019,0.1433150290098586,Organic Strawberries,,Organic Strawberries,produce,,
frozenset({'100% Raw Coconut Water'}),frozenset({'Organic Hass Avocado'}),0.0120979947666166,0.068471219755013,0.0022029987690113,0.1820961912705032,2.6594559279363668,1.0,0.0013746343107513,1.1389221694565663,0.6316246320135089,0.0281115879828326,0.1219768770704082,0.1071351375843625,100% Raw Coconut Water,Organic Hass Avocado,100% Raw Coconut Water,beverages,Organic Hass Avocado,produce
frozenset({'Organic Whole String Cheese'}),frozenset({'Organic Strawberries'}),0.019544466941565,0.0857992344999697,0.0043925441104257,0.2247461710548959,2.619442613499951,1.0,0.0027156438081294,1.179227668883613,0.6305634197250642,0.043511577544561,0.1519873334156834,0.1379708903098862,Organic Whole String Cheese,Organic Strawberries,Organic Whole String Cheese,dairy eggs,Organic Strawberries,produce
frozenset({'Organic Strawberries'}),frozenset({'Organic Whole String Cheese'}),0.0857992344999697,0.019544466941565,0.0043925441104257,0.0511956095648765,2.619442613499951,1.0,0.0027156438081294,1.0333589757197437,0.6762621703511,0.043511577544561,0.0322820786421377,0.1379708903098862,Organic Strawberries,Organic Whole String Cheese,Organic Strawberries,produce,Organic Whole String Cheese,dairy eggs
frozenset({'Organic Unsweetened Almond Milk'}),frozenset({'Organic Baby Spinach'}),0.0182462111784529,0.0767787112961704,0.0036088819528995,0.1977880184331797,2.5760789038281877,1.0,0.0022079613725801,1.1508445522100816,0.6231838771684842,0.0394775570272259,0.131072916772643,0.1223958490623932,Organic Unsweetened Almond Milk,Organic Baby Spinach,Organic Unsweetened Almond Milk,dairy eggs,Organic Baby Spinach,produce
frozenset({'Organic Unsweetened Almond Milk'}),frozenset({'Organic Hass Avocado'}),0.0182462111784529,0.068471219755013,0.0031750089128957,0.1740092165898617,2.5413482805251437,1.0,0.0019256685775995,1.1277713976409405,0.6177802342398117,0.0380047505938242,0.1132954762890876,0.1101895969971609,Organic Unsweetened Almond Milk,Organic Hass Avocado,Organic Unsweetened Almond Milk,dairy eggs,Organic Hass Avocado,produce
"frozenset({'Milk, Organic, Vitamin D'})",frozenset({'Bag of Organic Bananas'}),0.0065484558828475,0.1253455849213983,0.0020247408533509,0.3091936312275295,2.466729334115904,1.0,0.0012039208203834,1.2661354246528158,0.5985243039494532,0.0155906042006578,0.2101950703462801,0.1626734497234567,"Milk, Organic, Vitamin D",Bag of Organic Bananas,"Milk, Organic, Vitamin D",dairy eggs,Bag of Organic Bananas,produce
frozenset({'Boneless Skinless Chicken Breasts'}),frozenset({'Organic Avocado'}),0.0171867537551879,0.0582197079260868,0.0024586138933546,0.1430528375733855,2.4571204952625147,1.0,0.00145800610953,1.098994586092189,0.6033898650087132,0.0337037207801189,0.0900774101574008,0.0926413812361439,Boneless Skinless Chicken Breasts,Organic Avocado,Boneless Skinless Chicken Breasts,meat seafood,Organic Avocado,produce
frozenset({'Organic Reduced Fat Milk'}),frozenset({'Organic Strawberries'}),0.0107997390035046,0.0857992344999697,0.0022366323380039,0.2071005917159763,2.4137813457537245,1.0,0.0013100229987037,1.1529845475336202,0.5921068673294873,0.0237025948103792,0.1326856876450543,0.1165844001308223,Organic Reduced Fat Milk,Organic Strawberries,Organic Reduced Fat Milk,dairy eggs,Organic Strawberries,produce
frozenset({'Shredded Parmesan'}),frozenset({'Organic Baby Spinach'}),0.0118692864974673,0.0767787112961704,0.0021861819845151,0.1841881552847832,2.3989482523910253,1.0,0.0012748734632345,1.1316595789634647,0.5901553815101109,0.0252849418446337,0.1163420355475249,0.1063309796925055,Shredded Parmesan,Organic Baby Spinach,Shredded Parmesan,dairy eggs,Organic Baby Spinach,produce
frozenset({'Organic Whole String Cheese'}),frozenset({'Organic Raspberries'}),0.019544466941565,0.0469490989566866,0.0021996354121121,0.1125451729478575,2.3971742897917396,1.0,0.0012820402996168,1.0739148314839428,0.5944605958344406,0.0342121782799748,0.0688274612818289,0.0796983333039309,Organic Whole String Cheese,Organic Raspberries,Organic Whole String Cheese,dairy eggs,Organic Raspberries,produce
frozenset({'Organic Black Beans'}),frozenset({'Organic Baby Spinach'}),0.0115262240937434,0.0767787112961704,0.0020852812775374,0.1809162532827546,2.3563335490859987,1.0,0.0012003126455089,1.1271390653323918,0.5823238604526855,0.0241856836356543,0.1127980293140657,0.1040379409045628,Organic Black Beans,Organic Baby Spinach,Organic Black Beans,canned goods,Organic Baby Spinach,produce
frozenset({'Mango Chunks'}),frozenset({'Banana'}),0.0056168060217541,0.1551886506884791,0.0020314675671494,0.3616766467065868,2.3305611918271345,1.0,0.0011598030194544,1.3234849468576355,0.5741436504506865,0.0127947126485478,0.2444190601681489,0.187383478421454,Mango Chunks,Banana,Mango Chunks,frozen,Banana,produce
frozenset({'Whipped Cream Cheese'}),frozenset({'Organic Strawberries'}),0.0108737328552882,0.0857992344999697,0.0021088247758322,0.1939375193318898,2.260364214927329,1.0,0.0011758668206913,1.1341562067772823,0.5637231962724908,0.022300469483568,0.1182872394257654,0.1092580579803314,Whipped Cream Cheese,Organic Strawberries,Whipped Cream Cheese,dairy eggs,Organic Strawberries,produce
frozenset({'Organic Sticks Low Moisture Part Skim Mozzarella String Cheese'}),frozenset({'Organic Strawberries'}),0.0112167952590121,0.0857992344999697,0.0020953713482352,0.1868065967016491,2.1772524870453833,1.0,0.0011329789014691,1.1242107496101037,0.5468393272169507,0.0220749769683225,0.11048706806369,0.105614196038006,Organic Sticks Low Moisture Part Skim Mozzarella String Cheese,Organic Strawberries,Organic Sticks Low Moisture Part Skim Mozzarella String Cheese,dairy eggs,Organic Strawberries,produce
frozenset({'Grated Parmesan'}),frozenset({'Organic Baby Spinach'}),0.0150812923362549,0.0767787112961704,0.0024922474623472,0.1652542372881356,2.152344504073202,1.0,0.0013343252720887,1.1059909854523036,0.543588377646799,0.0278875465733318,0.0958334985062808,0.0988571869811976,Grated Parmesan,Organic Baby Spinach,Grated Parmesan,dairy eggs,Organic Baby Spinach,produce
frozenset({'Frozen Organic Wild Blueberries'}),frozenset({'Bag of Organic Bananas'}),0.008872535500232,0.1253455849213983,0.0023879833984703,0.2691432903714936,2.1472099758461205,1.0,0.0012758502464578,1.1967522546563023,0.539062210539779,0.0181140932748239,0.1644051673107632,0.1440972435543203,Frozen Organic Wild Blueberries,Bag of Organic Bananas,Frozen Organic Wild Blueberries,frozen,Bag of Organic Bananas,produce
frozenset({'Boneless Skinless Chicken Breasts'}),frozenset({'Organic Baby Spinach'}),0.0171867537551879,0.0767787112961704,0.0028184930815748,0.1639921722113503,2.1359068085781976,1.0,0.0014989162768869,1.1043213448681108,0.5411147861491479,0.0309225092250922,0.0944664751368812,0.1003507382872066,Boneless Skinless Chicken Breasts,Organic Baby Spinach,Boneless Skinless Chicken Breasts,meat seafood,Organic Baby Spinach,produce
frozenset({'Original Hummus'}),frozenset({'Organic Baby Spinach'}),0.0227665628510503,0.0767787112961704,0.0036929658753809,0.1622100753434776,2.1126959883158163,1.0,0.0019449785190339,1.1019722982253963,0.5389409656406908,0.0385276676374609,0.0925361720885463,0.1051544506733158,Original Hummus,Organic Baby Spinach,Original Hummus,deli,Organic Baby Spinach,produce
frozenset({'Large Alfresco Eggs'}),frozenset({'Organic Hass Avocado'}),0.014089102050975,0.068471219755013,0.0020247408533509,0.1437097159226545,2.0988338814007026,1.0,0.0010600428506677,1.0878656427226792,0.5310266394219951,0.0251409480058467,0.0807688369519342,0.0866402003328765,Large Alfresco Eggs,Organic Hass Avocado,Large Alfresco Eggs,dairy eggs,Organic Hass Avocado,produce
frozenset({'No Salt Added Black Beans'}),frozenset({'Banana'}),0.0093333153954298,0.1551886506884791,0.0030001143541345,0.3214414414414414,2.071294775844742,1.0,0.0015516897314678,1.2450087596067283,0.5220829603796396,0.0185740463101782,0.1967927998226467,0.1703867444306533,No Salt Added Black Beans,Banana,No Salt Added Black Beans,canned goods,Banana,produce
frozenset({'Organic Whole String Cheese'}),frozenset({'Bag of Organic Bananas'}),0.019544466941565,0.1253455849213983,0.0050483987057802,0.2583032180347616,2.0607284907301544,1.0,0.0025985860650128,1.17926143991224,0.524995470829124,0.0361008225503872,0.1520116183274681,0.1492895289486892,Organic Whole String Cheese,Bag of Organic Bananas,Organic Whole String Cheese,dairy eggs,Bag of Organic Bananas,produce
frozenset({'Icelandic Style Skyr Blueberry Non-fat Yogurt'}),frozenset({'Banana'}),0.0066493565898251,0.1551886506884791,0.0020953713482352,0.3151239251390996,2.0305861526669857,1.0,0.0010634666711137,1.2335243999917846,0.5109287076650325,0.0131171702284451,0.1893147796617076,0.1643130082772718,Icelandic Style Skyr Blueberry Non-fat Yogurt,Banana,Icelandic Style Skyr Blueberry Non-fat Yogurt,dairy eggs,Banana,produce
frozenset({'Organic Whole String Cheese'}),frozenset({'Organic Baby Spinach'}),0.019544466941565,0.0767787112961704,0.0030337479231271,0.1552228532094303,2.02169130725137,1.0,0.0015331489383831,1.0928577935746493,0.5154386167504443,0.0325197389768179,0.0849678650969939,0.097367866065027,Organic Whole String Cheese,Organic Baby Spinach,Organic Whole String Cheese,dairy eggs,Organic Baby Spinach,produce
frozenset({'Organic Roasted Turkey Breast'}),frozenset({'Bag of Organic Bananas'}),0.0101607011926463,0.1253455849213983,0.0025662413141308,0.2525653757034095,2.014952308545914,1.0,0.001292642279927,1.1702085863385543,0.508880925099183,0.0193037494307544,0.1454514932855834,0.1365193520139887,Organic Roasted Turkey Breast,Bag of Organic Bananas,Organic Roasted Turkey Breast,deli,Bag of Organic Bananas,produce
frozenset({'Uncured Genoa Salami'}),frozenset({'Organic Strawberries'}),0.0137460396472511,0.0857992344999697,0.0023610765432763,0.171764130168828,2.0019308000806064,1.0,0.0011816768641359,1.1037927706347486,0.5074577690841097,0.0242948607025436,0.0940328414862341,0.0996413751588946,Uncured Genoa Salami,Organic Strawberries,Uncured Genoa Salami,deli,Organic Strawberries,produce
frozenset({'Total 2% All Natural Greek Strained Yogurt with Honey'}),frozenset({'Banana'}),0.0078467116459596,0.1551886506884791,0.0024317070381606,0.3099014144877839,1.9969334942532,1.0,0.0012139864454826,1.224189365182471,0.5031805086836184,0.0151410441666143,0.1831329135497386,0.1627853878966736,Total 2% All Natural Greek Strained Yogurt with Honey,Banana,Total 2% All Natural Greek Strained Yogurt with Honey,dairy eggs,Banana,produce
frozenset({'Organic Whole Strawberries'}),frozenset({'Bag of Organic Bananas'}),0.0094241260317097,0.1253455849213983,0.0023543498294778,0.2498215560314061,1.993062270107592,1.0,0.0011730772396601,1.165928482897356,0.5029998641857939,0.0177800355600711,0.1423144603904179,0.1343022130269728,Organic Whole Strawberries,Bag of Organic Bananas,Organic Whole Strawberries,frozen,Bag of Organic Bananas,produce
frozenset({'Unsweetened Almondmilk'}),frozenset({'Organic Hass Avocado'}),0.016645253294408,0.068471219755013,0.0022601758362986,0.1357850070721357,1.983096073912052,1.0,0.0011204550400994,1.0778900943260323,0.5041293570199712,0.0272782626344631,0.0722616292106611,0.084397071764774,Unsweetened Almondmilk,Organic Hass Avocado,Unsweetened Almondmilk,dairy eggs,Organic Hass Avocado,produce
frozenset({'Organic Whole Milk'}),frozenset({'Organic Strawberries'}),0.0432561330813057,0.0857992344999697,0.0073085745420789,0.1689604229842158,1.9692532686206592,1.0,0.0035972314362741,1.1000688664947502,0.5144462577179473,0.0600309409359633,0.090966001804604,0.1270713522212337,Organic Whole Milk,Organic Strawberries,Organic Whole Milk,dairy eggs,Organic Strawberries,produce
frozenset({'Organic Strawberries'}),frozenset({'Organic Whole Milk'}),0.0857992344999697,0.0432561330813057,0.0073085745420789,0.0851822814582516,1.9692532686206592,1.0,0.0035972314362741,1.0458300572094053,0.538386446943862,0.0600309409359633,0.0438217059200744,0.1270713522212337,Organic Strawberries,Organic Whole Milk,Organic Strawberries,produce,Organic Whole Milk,dairy eggs
frozenset({'Original Hummus'}),frozenset({'Organic Avocado'}),0.0227665628510503,0.0582197079260868,0.0025763313848285,0.1131629487368887,1.9437223711351383,1.0,0.0012508687451595,1.0619541557635046,0.4968344463949581,0.0328572041350319,0.0583397648827523,0.0787074131321647,Original Hummus,Organic Avocado,Original Hummus,deli,Organic Avocado,produce
frozenset({'Original Hummus'}),frozenset({'Organic Raspberries'}),0.0227665628510503,0.0469490989566866,0.0020617377792427,0.0905599054513222,1.928895494562506,1.0,0.0009928681670451,1.0479534680250469,0.4927876773249215,0.0304747700720855,0.0457591577185377,0.0672371129806937,Original Hummus,Organic Raspberries,Original Hummus,deli,Organic Raspberries,produce
frozenset({'Organic Unsweetened Almond Milk'}),frozenset({'Bag of Organic Bananas'}),0.0182462111784529,0.1253455849213983,0.0043824540397279,0.240184331797235,1.9161770392459352,1.0,0.0020953720269654,1.151140272149785,0.4870137081517818,0.0314810340661995,0.131296138104461,0.1375736513553095,Organic Unsweetened Almond Milk,Bag of Organic Bananas,Organic Unsweetened Almond Milk,dairy eggs,Bag of Organic Bananas,produce
frozenset({'Organic Reduced Fat 2% Milk'}),frozenset({'Organic Strawberries'}),0.0142606332528369,0.0857992344999697,0.0023408964018807,0.1641509433962264,1.913198227849974,1.0,0.0011173449853025,1.0937390648194494,0.4842202962773668,0.023955393405383,0.0857051447046224,0.0957171808317862,Organic Reduced Fat 2% Milk,Organic Strawberries,Organic Reduced Fat 2% Milk,dairy eggs,Organic Strawberries,produce
frozenset({'Total 0% Greek Yogurt'}),frozenset({'Banana'}),0.0082940381135603,0.1551886506884791,0.0024216169674628,0.291970802919708,1.8813927540732416,1.0,0.0011344763838606,1.1931871634606015,0.4723969496974795,0.0150353958276776,0.161908516431153,0.1537875730642839,Total 0% Greek Yogurt,Banana,Total 0% Greek Yogurt,dairy eggs,Banana,produce
frozenset({'100% Raw Coconut Water'}),frozenset({'Bag of Organic Bananas'}),0.0120979947666166,0.1253455849213983,0.0028285831522726,0.2338059494022796,1.86529066459656,1.0,0.001312152921875,1.1415573044403955,0.4695713967206863,0.0210123925644613,0.12400367803681,0.1281861130503938,100% Raw Coconut Water,Bag of Organic Bananas,100% Raw Coconut Water,beverages,Bag of Organic Bananas,produce
frozenset({'Organic Large Brown Grade AA Cage Free Eggs'}),frozenset({'Bag of Organic Bananas'}),0.0100799806270642,0.1253455849213983,0.0023476231156792,0.2328995662328996,1.85805959084196,1.0,0.0010841420479835,1.1402084741150802,0.4665065054637913,0.0176409634291202,0.1229674022760587,0.1258143854562587,Organic Large Brown Grade AA Cage Free Eggs,Bag of Organic Bananas,Organic Large Brown Grade AA Cage Free Eggs,dairy eggs,Bag of Organic Bananas,produce
frozenset({'Organic Whole Milk'}),frozenset({'Organic Raspberries'}),0.0432561330813057,0.0469490989566866,0.0037568696564667,0.0868517222610994,1.84991244115729,1.0,0.0017260331839488,1.0436978574862104,0.4802057173657962,0.0434579621055907,0.0418683023758028,0.0834358905022812,Organic Whole Milk,Organic Raspberries,Organic Whole Milk,dairy eggs,Organic Raspberries,produce
frozenset({'Organic Raspberries'}),frozenset({'Organic Whole Milk'}),0.0469490989566866,0.0432561330813057,0.0037568696564667,0.080020058743463,1.84991244115729,1.0,0.0017260331839488,1.03996166004657,0.482066460926768,0.0434579621055907,0.0384260897125578,0.0834358905022812,Organic Raspberries,Organic Whole Milk,Organic Raspberries,produce,Organic Whole Milk,dairy eggs
frozenset({'Organic Sticks Low Moisture Part Skim Mozzarella String Cheese'}),frozenset({'Bag of Organic Bananas'}),0.0112167952590121,0.1253455849213983,0.0025998748831233,0.2317841079460269,1.8491605276035372,1.0,0.0011938991204389,1.1385528783322156,0.464423409944674,0.0194074817976399,0.1216920891150631,0.1262628814926013,Organic Sticks Low Moisture Part Skim Mozzarella String Cheese,Bag of Organic Bananas,Organic Sticks Low Moisture Part Skim Mozzarella String Cheese,dairy eggs,Bag of Organic Bananas,produce
frozenset({'Blueberries'}),frozenset({'Banana'}),0.0189020657738075,0.1551886506884791,0.0054015511802019,0.2857651245551602,1.8414047888643363,1.0,0.0024681650975398,1.1828200755183726,0.4657397974167209,0.0320207357192702,0.154562878414328,0.160285739495239,Blueberries,Banana,Blueberries,frozen,Banana,produce
frozenset({'Apple Honeycrisp Organic'}),frozenset({'Organic Whole Milk'}),0.0280907568225694,0.0432561330813057,0.0022299056242054,0.0793821839080459,1.835165981176273,1.0,0.0010148081087337,1.0392410946163264,0.4682434742086772,0.0322627737226277,0.0377593753938432,0.0654666926071603,Apple Honeycrisp Organic,Organic Whole Milk,Apple Honeycrisp Organic,produce,Organic Whole Milk,dairy eggs
frozenset({'Organic Whole Milk'}),frozenset({'Apple Honeycrisp Organic'}),0.0432561330813057,0.0280907568225694,0.0022299056242054,0.0515512013062747,1.8351659811762728,1.0,0.0010148081087337,1.0247355940732032,0.4756656158210843,0.0322627737226277,0.024138513599281,0.0654666926071603,Organic Whole Milk,Apple Honeycrisp Organic,Organic Whole Milk,dairy eggs,Apple Honeycrisp Organic,produce
frozenset({'Organic Broccoli Florets'}),frozenset({'Bag of Organic Bananas'}),0.01091072978118,0.1253455849213983,0.0025090642468434,0.2299630086313193,1.8346319000826752,1.0,0.0011414524405021,1.1358602572117629,0.4599499208203721,0.0187597445053563,0.1196100104296843,0.1249900907705271,Organic Broccoli Florets,Bag of Organic Bananas,Organic Broccoli Florets,frozen,Bag of Organic Bananas,produce
frozenset({'Grated Parmesan'}),frozenset({'Organic Strawberries'}),0.0150812923362549,0.0857992344999697,0.0023610765432763,0.1565566458519179,1.8246858117594649,1.0,0.0010671132055553,1.0838911244056415,0.4588809631119714,0.0239655878738222,0.0773981099362204,0.0920376330004395,Grated Parmesan,Organic Strawberries,Grated Parmesan,dairy eggs,Organic Strawberries,produce
frozenset({'Organic Cucumber'}),frozenset({'Organic Whole Milk'}),0.0264057150160432,0.0432561330813057,0.0020819179206382,0.0788434594319195,1.822711690009888,1.0,0.0009397087977972,1.0386333101740417,0.4636088026630316,0.030806748618922,0.0371962942027805,0.0634867324373655,Organic Cucumber,Organic Whole Milk,Organic Cucumber,produce,Organic Whole Milk,dairy eggs
frozenset({'Original Hummus'}),frozenset({'Organic Hass Avocado'}),0.0227665628510503,0.068471219755013,0.0028252197953733,0.124095139607032,1.8123693436605748,1.0,0.0012663654673327,1.063504522428456,0.4586786231771828,0.0319549587248449,0.059712508117452,0.0826782800893987,Original Hummus,Organic Hass Avocado,Original Hummus,deli,Organic Hass Avocado,produce
frozenset({'Whipped Cream Cheese'}),frozenset({'Banana'}),0.0108737328552882,0.1551886506884791,0.0030102044248323,0.2768326631611506,1.783846060475491,1.0,0.0013227244950731,1.1682100480428343,0.4442441026716897,0.0184616019307328,0.1439895576353292,0.1481148643388597,Whipped Cream Cheese,Banana,Whipped Cream Cheese,dairy eggs,Banana,produce
frozenset({'Vanilla Almond Breeze Almond Milk'}),frozenset({'Banana'}),0.009508209954191,0.1551886506884791,0.0026301450952166,0.2766183233109303,1.782464903739677,1.0,0.0011545788219629,1.1678639044027723,0.4431931093276892,0.0162287801436101,0.1437358443650293,0.1467831869258321,Vanilla Almond Breeze Almond Milk,Banana,Vanilla Almond Breeze Almond Milk,dairy eggs,Banana,produce
frozenset({'Total 2% with Strawberry Lowfat Greek Strained Yogurt'}),frozenset({'Banana'}),0.0100665271994672,0.1551886506884791,0.0027714060849853,0.2753090544604076,1.7740282761595398,1.0,0.0012091953117811,1.1657539734851925,0.4407479278109198,0.0170565100393293,0.1421860677769311,0.1465836791774958,Total 2% with Strawberry Lowfat Greek Strained Yogurt,Banana,Total 2% with Strawberry Lowfat Greek Strained Yogurt,dairy eggs,Banana,produce
frozenset({'Total 0% Nonfat Greek Yogurt'}),frozenset({'Banana'}),0.0084453891740268,0.1551886506884791,0.002317352903586,0.2743926722421346,1.7681233197454749,1.0,0.0010067243531297,1.1642817223497413,0.4381287572994725,0.0143652398724016,0.1411013496099464,0.1446625808925286,Total 0% Nonfat Greek Yogurt,Banana,Total 0% Nonfat Greek Yogurt,dairy eggs,Banana,produce
frozenset({'Organic Milk'}),frozenset({'Bag of Organic Bananas'}),0.0098041853613254,0.1253455849213983,0.0021693652000188,0.2212692967409948,1.7652739574333494,1.0,0.0009404538512256,1.1231795682617285,0.4378080410383738,0.0163134200010116,0.1096704140125745,0.1192881849165959,Organic Milk,Bag of Organic Bananas,Organic Milk,dairy eggs,Bag of Organic Bananas,produce
frozenset({'Organic Black Beans'}),frozenset({'Bag of Organic Bananas'}),0.0115262240937434,0.1253455849213983,0.0025460611727352,0.2208929092500729,1.7622711592800846,1.0,0.0011012998717698,1.122636958979164,0.4375942458983061,0.0189543792878962,0.1092400869206018,0.1206026207729381,Organic Black Beans,Bag of Organic Bananas,Organic Black Beans,canned goods,Bag of Organic Bananas,produce
frozenset({'Organic Whole Milk'}),frozenset({'Organic Garlic'}),0.0432561330813057,0.0350663590316222,0.0026637786642091,0.0615815255423373,1.756142560646347,1.0,0.0011469435712604,1.0282551625233496,0.4500370077892129,0.0352078239608802,0.0274787460867311,0.0687727309277004,Organic Whole Milk,Organic Garlic,Organic Whole Milk,dairy eggs,Organic Garlic,produce
frozenset({'Organic Garlic'}),frozenset({'Organic Whole Milk'}),0.0350663590316222,0.0432561330813057,0.0026637786642091,0.0759639363130635,1.7561425606463468,1.0,0.0011469435712604,1.035396673914709,0.4462173654311224,0.0352078239608802,0.0341865825982214,0.0687727309277004,Organic Garlic,Organic Whole Milk,Organic Garlic,produce,Organic Whole Milk,dairy eggs
frozenset({'Large Alfresco Eggs'}),frozenset({'Bag of Organic Bananas'}),0.014089102050975,0.1253455849213983,0.0031010150611121,0.2201002625925041,1.7559474689956132,1.0,0.0013350083235154,1.121495973297907,0.436659014946115,0.0227457752559516,0.108333847103019,0.1224199928396673,Large Alfresco Eggs,Bag of Organic Bananas,Large Alfresco Eggs,dairy eggs,Bag of Organic Bananas,produce
frozenset({'100% Whole Wheat Bread'}),frozenset({'Banana'}),0.0202675886749046,0.1551886506884791,0.0054789083888847,0.2703285761699303,1.7419352186557728,1.0,0.0023336086497172,1.1577969504096486,0.4347369073411062,0.0322331710791879,0.1362906944553768,0.1528167013399878,100% Whole Wheat Bread,Banana,100% Whole Wheat Bread,bakery,Banana,produce
frozenset({'Unsweetened Almondmilk'}),frozenset({'Bag of Organic Bananas'}),0.016645253294408,0.1253455849213983,0.0036122453097988,0.2170135380885027,1.7313217551666256,1.0,0.0015258362994463,1.1170747613481289,0.4295566909342183,0.0261040760275137,0.1048047681310412,0.1229159136186851,Unsweetened Almondmilk,Bag of Organic Bananas,Unsweetened Almondmilk,dairy eggs,Bag of Organic Bananas,produce
frozenset({'Honey Nut Cheerios'}),frozenset({'Banana'}),0.0094140359610119,0.1551886506884791,0.0025225176744405,0.2679528403001072,1.726626522695834,1.0,0.0010615661361182,1.154039515238139,0.4248353710915616,0.0155633948952064,0.1334785448887793,0.1421036822380014,Honey Nut Cheerios,Banana,Honey Nut Cheerios,breakfast,Banana,produce
frozenset({'Organic Reduced Fat Milk'}),frozenset({'Banana'}),0.0107997390035046,0.1551886506884791,0.0028924869333584,0.2678293366552475,1.7258306935916323,1.0,0.0012164900096168,1.1538448501230512,0.4251605093251852,0.0177348841045945,0.1333323540913187,0.1432339288551372,Organic Reduced Fat Milk,Banana,Organic Reduced Fat Milk,dairy eggs,Banana,produce
frozenset({'Boneless Skinless Chicken Breasts'}),frozenset({'Banana'}),0.0171867537551879,0.1551886506884791,0.0045640753122876,0.2655577299412915,1.71119298198142,1.0,0.0018968861873049,1.1502760444929043,0.422880316418801,0.0271976590371587,0.130643461812815,0.147483791175106,Boneless Skinless Chicken Breasts,Banana,Boneless Skinless Chicken Breasts,meat seafood,Banana,produce
frozenset({'Organic Whole Milk'}),frozenset({'Organic Zucchini'}),0.0432561330813057,0.0345517654260364,0.002556151243433,0.0590933830961822,1.710285490988329,1.0,0.0010615754799703,1.0260829472651636,0.4340788691965728,0.0339679985697684,0.0254199208111615,0.0665368599506999,Organic Whole Milk,Organic Zucchini,Organic Whole Milk,dairy eggs,Organic Zucchini,produce
frozenset({'Organic Zucchini'}),frozenset({'Organic Whole Milk'}),0.0345517654260364,0.0432561330813057,0.002556151243433,0.0739803368052175,1.7102854909883287,1.0,0.0010615754799703,1.0331787811264317,0.4301652652004581,0.0339679985697684,0.0321133009431904,0.0665368599506999,Organic Zucchini,Organic Whole Milk,Organic Zucchini,produce,Organic Whole Milk,dairy eggs
frozenset({'Unsweetened Original Almond Breeze Almond Milk'}),frozenset({'Banana'}),0.0110620808416464,0.1551886506884791,0.0029328472161494,0.2651261781696564,1.708412161543066,1.0,0.0012161378165275,1.1496005493941217,0.4192994805831724,0.0179579060093084,0.1301326356124014,0.1420123858057488,Unsweetened Original Almond Breeze Almond Milk,Banana,Unsweetened Original Almond Breeze Almond Milk,dairy eggs,Banana,produce
frozenset({'Organic Unsweetened Almond Milk'}),frozenset({'Organic Strawberries'}),0.0182462111784529,0.0857992344999697,0.0026671420211084,0.1461751152073732,1.7036878715674886,1.0,0.0011016310694723,1.0707122523397374,0.4207144687984633,0.0263088049897153,0.0660422556902809,0.0886304819470813,Organic Unsweetened Almond Milk,Organic Strawberries,Organic Unsweetened Almond Milk,dairy eggs,Organic Strawberries,produce
frozenset({'Organic Reduced Fat 2% Milk'}),frozenset({'Bag of Organic Bananas'}),0.0142606332528369,0.1253455849213983,0.0030135677817315,0.2113207547169811,1.6859050508200673,1.0,0.0012260603653051,1.1090115789274135,0.4127326140807009,0.0220624445976558,0.0982961593898277,0.1176814141729158,Organic Reduced Fat 2% Milk,Bag of Organic Bananas,Organic Reduced Fat 2% Milk,dairy eggs,Bag of Organic Bananas,produce
frozenset({'Original Hummus'}),frozenset({'Organic Strawberries'}),0.0227665628510503,0.0857992344999697,0.0032893630474704,0.1444821982567587,1.6839567287375938,1.0,0.0013360093826548,1.068593504000985,0.415622815915581,0.0312450081467045,0.0641904557197475,0.0914100524800061,Original Hummus,Organic Strawberries,Original Hummus,deli,Organic Strawberries,produce
frozenset({'Original Hummus'}),frozenset({'Banana'}),0.0227665628510503,0.1551886506884791,0.0059127814288885,0.2597133993204313,1.6735334585888753,1.0,0.0023796692592195,1.141194975751284,0.4118380384582791,0.0343681576477948,0.1237255497539594,0.1489070019943653,Original Hummus,Banana,Original Hummus,deli,Banana,produce
frozenset({'Organic Fat Free Milk'}),frozenset({'Banana'}),0.0094745763851985,0.1551886506884791,0.0024485238226569,0.2584309549165779,1.6652696815783534,1.0,0.000978177097593,1.1392214317905955,0.4033179300114498,0.0150943396226415,0.1222075251619621,0.1371043398583236,Organic Fat Free Milk,Banana,Organic Fat Free Milk,dairy eggs,Banana,produce
frozenset({'Whole Milk'}),frozenset({'Banana'}),0.0126764921532883,0.1551886506884791,0.0032086424818883,0.2531175378084372,1.6310312428486635,1.0,0.0012413947691564,1.1311168652060823,0.3918583489875267,0.0194868861835117,0.115918053420761,0.1368966462800882,Whole Milk,Banana,Whole Milk,dairy eggs,Banana,produce
frozenset({'Organic Whole Milk'}),frozenset({'Organic Baby Spinach'}),0.0432561330813057,0.0767787112961704,0.0053679176112093,0.1240961045019827,1.616282722215635,1.0,0.002046767457571,1.054021215625384,0.3985354652921885,0.0468131287947672,0.0512524936163942,0.0970051225155787,Organic Whole Milk,Organic Baby Spinach,Organic Whole Milk,dairy eggs,Organic Baby Spinach,produce
frozenset({'Organic Baby Spinach'}),frozenset({'Organic Whole Milk'}),0.0767787112961704,0.0432561330813057,0.0053679176112093,0.0699141405291747,1.6162827222156348,1.0,0.002046767457571,1.0286618780152577,0.4130064664163196,0.0468131287947672,0.027863264526298,0.0970051225155787,Organic Baby Spinach,Organic Whole Milk,Organic Baby Spinach,produce,Organic Whole Milk,dairy eggs
frozenset({'Ground Turkey Breast'}),frozenset({'Banana'}),0.0082334976893738,0.1551886506884791,0.0020583744223434,0.25,1.6109425456752131,1.0,0.0007806290254828,1.126415132415361,0.3823938360113134,0.0127561123038122,0.1122278357041337,0.1316318458637654,Ground Turkey Breast,Banana,Ground Turkey Breast,meat seafood,Banana,produce
frozenset({'Organic Whole Milk'}),frozenset({'Organic Yellow Onion'}),0.0432561330813057,0.036573142922488,0.0025090642468434,0.0580048207759894,1.5859949717453312,1.0,0.0009270515093867,1.022751366807584,0.386185885081963,0.0324503023185001,0.022245256810167,0.0633044151700436,Organic Whole Milk,Organic Yellow Onion,Organic Whole Milk,dairy eggs,Organic Yellow Onion,produce
frozenset({'Organic Yellow Onion'}),frozenset({'Organic Whole Milk'}),0.036573142922488,0.0432561330813057,0.0025090642468434,0.0686040095640978,1.585994971745331,1.0,0.0009270515093867,1.0272149297861255,0.3835070346321158,0.0324503023185001,0.0264939001536825,0.0633044151700436,Organic Yellow Onion,Organic Whole Milk,Organic Yellow Onion,produce,Organic Whole Milk,dairy eggs
frozenset({'Organic Whole Milk'}),frozenset({'Bag of Organic Bananas'}),0.0432561330813057,0.1253455849213983,0.0085462898810044,0.1975740611149988,1.576234705345972,1.0,0.0031243245784903,1.090012638791269,0.3821051040388664,0.0533958140707741,0.0825794450338532,0.1328779396484085,Organic Whole Milk,Bag of Organic Bananas,Organic Whole Milk,dairy eggs,Bag of Organic Bananas,produce
frozenset({'Bag of Organic Bananas'}),frozenset({'Organic Whole Milk'}),0.1253455849213983,0.0432561330813057,0.0085462898810044,0.0681818181818181,1.5762347053459718,1.0,0.0031243245784903,1.026749515717623,0.4179670376152644,0.0533958140707741,0.0260526207299227,0.1328779396484085,Bag of Organic Bananas,Organic Whole Milk,Bag of Organic Bananas,produce,Organic Whole Milk,dairy eggs
frozenset({'Half & Half'}),frozenset({'Banana'}),0.0230558115443862,0.1551886506884791,0.0055999892372579,0.2428884026258205,1.5651170465641018,1.0,0.0020219889531567,1.115834643454812,0.3695913790520062,0.0324365393232159,0.1038098647808322,0.1394867231481544,Half & Half,Banana,Half & Half,dairy eggs,Banana,produce
frozenset({'Lime Sparkling Water'}),frozenset({'Banana'}),0.0155286188038557,0.1551886506884791,0.0037467795857689,0.241282217890405,1.554767161258122,1.0,0.0013369141865428,1.113472452118553,0.3624451484645924,0.0224397711707356,0.1019086299824071,0.1327128022331676,Lime Sparkling Water,Banana,Lime Sparkling Water,beverages,Banana,produce
frozenset({'Sharp Cheddar Cheese'}),frozenset({'Banana'}),0.0100564371287694,0.1551886506884791,0.0024249803243621,0.2411371237458194,1.5538322079355569,1.0,0.0008643354156148,1.1132595568274335,0.3600506946376593,0.0148936170212765,0.1017368825920532,0.1283815698267902,Sharp Cheddar Cheese,Banana,Sharp Cheddar Cheese,dairy eggs,Banana,produce
frozenset({'Organic Whole Milk'}),frozenset({'Organic Avocado'}),0.0432561330813057,0.0582197079260868,0.0038678604341421,0.0894176191586968,1.5358651278741804,1.0,0.0013495010001365,1.0342614923031848,0.3646756191687009,0.03962647737845,0.0331265280184494,0.0779266027624795,Organic Whole Milk,Organic Avocado,Organic Whole Milk,dairy eggs,Organic Avocado,produce
frozenset({'Organic Avocado'}),frozenset({'Organic Whole Milk'}),0.0582197079260868,0.0432561330813057,0.0038678604341421,0.0664355863662622,1.5358651278741802,1.0,0.0013495010001365,1.0248289812105569,0.3704698059524157,0.03962647737845,0.0242274385929524,0.0779266027624795,Organic Avocado,Organic Whole Milk,Organic Avocado,produce,Organic Whole Milk,dairy eggs
frozenset({'Feta Cheese Crumbles'}),frozenset({'Banana'}),0.0103725926772993,0.1551886506884791,0.0024552505364554,0.2367055771725032,1.525276340263172,1.0,0.0008455418747241,1.106796177262842,0.3479906630426009,0.0150530982575523,0.0964912776686254,0.1262633236851875,Feta Cheese Crumbles,Banana,Feta Cheese Crumbles,dairy eggs,Banana,produce
frozenset({'Organic Extra Firm Tofu'}),frozenset({'Banana'}),0.0089095324261238,0.1551886506884791,0.002105461418933,0.236315590788977,1.522763357633346,1.0,0.0007228031034575,1.1062309759398017,0.346385275131803,0.0129972593638402,0.0960296522609601,0.1249413501505622,Organic Extra Firm Tofu,Banana,Organic Extra Firm Tofu,deli,Banana,produce
frozenset({'Organic Blueberries'}),frozenset({'Organic Whole Milk'}),0.0330214380368758,0.0432561330813057,0.0021660018431195,0.0655938072927276,1.5164047874884046,1.0,0.0007376221248603,1.0239057429047025,0.3521747923183095,0.0292262309961425,0.0233476011540716,0.0578338370107989,Organic Blueberries,Organic Whole Milk,Organic Blueberries,produce,Organic Whole Milk,dairy eggs
frozenset({'Organic Whole Milk'}),frozenset({'Organic Blueberries'}),0.0432561330813057,0.0330214380368758,0.0021660018431195,0.0500738667288702,1.5164047874884046,1.0,0.0007376221248603,1.0179513207340378,0.355942155482415,0.0292262309961425,0.0176347536158145,0.0578338370107989,Organic Whole Milk,Organic Blueberries,Organic Whole Milk,dairy eggs,Organic Blueberries,produce
frozenset({'Organic Whole String Cheese'}),frozenset({'Banana'}),0.019544466941565,0.1551886506884791,0.0045876188105824,0.2347272414386508,1.5125283994500025,1.0,0.0015545393574954,1.1039349563411844,0.3456101554433982,0.0269629161065865,0.0941495291404308,0.1321444013699398,Organic Whole String Cheese,Banana,Organic Whole String Cheese,dairy eggs,Banana,produce
frozenset({'Uncured Genoa Salami'}),frozenset({'Bag of Organic Bananas'}),0.0137460396472511,0.1253455849213983,0.0025931481693248,0.1886469292879863,1.505014551619691,1.0,0.0008701427893874,1.0780194796219074,0.3402314319331977,0.0189976345357776,0.0723729775729758,0.1046674594921202,Uncured Genoa Salami,Bag of Organic Bananas,Uncured Genoa Salami,deli,Bag of Organic Bananas,produce
frozenset({'Whipped Cream Cheese'}),frozenset({'Bag of Organic Bananas'}),0.0108737328552882,0.1253455849213983,0.0020449209947464,0.1880606248066811,1.5003370475682098,1.0,0.0006819465897213,1.0772410376949026,0.3371491685921788,0.015240769057228,0.0717026505601607,0.1021874445274148,Whipped Cream Cheese,Bag of Organic Bananas,Whipped Cream Cheese,dairy eggs,Bag of Organic Bananas,produce
frozenset({'Organic Fuji Apple'}),frozenset({'Organic Whole Milk'}),0.0312186787388756,0.0432561330813057,0.0020247408533509,0.0648567119155354,1.499364536206425,1.0,0.0006743415311995,1.0230986834953133,0.3437832439292993,0.0279467062810454,0.0225771803521425,0.0558324458419135,Organic Fuji Apple,Organic Whole Milk,Organic Fuji Apple,produce,Organic Whole Milk,dairy eggs
frozenset({'Cucumber Kirby'}),frozenset({'Organic Whole Milk'}),0.0325976550675698,0.0432561330813057,0.0021020980620337,0.0644861741642591,1.4907984040794549,1.0,0.0006920495562924,1.0226934551864988,0.3403118617668532,0.0285023713973002,0.0221898899141389,0.0565413531578624,Cucumber Kirby,Organic Whole Milk,Cucumber Kirby,produce,Organic Whole Milk,dairy eggs
frozenset({'Organic Whole Milk'}),frozenset({'Organic Hass Avocado'}),0.0432561330813057,0.068471219755013,0.004409360894922,0.1019360858409143,1.48874353641774,1.0,0.0014475607009598,1.0372633456909763,0.3431353416659202,0.0410868747649492,0.0359246722115233,0.0831666871880669,Organic Whole Milk,Organic Hass Avocado,Organic Whole Milk,dairy eggs,Organic Hass Avocado,produce
frozenset({'Organic Hass Avocado'}),frozenset({'Organic Whole Milk'}),0.068471219755013,0.0432561330813057,0.004409360894922,0.0643972885352195,1.48874353641774,1.0,0.0014475607009598,1.0225962956229735,0.3524235006196808,0.0410868747649492,0.0220969856038914,0.0831666871880669,Organic Hass Avocado,Organic Whole Milk,Organic Hass Avocado,produce,Organic Whole Milk,dairy eggs
frozenset({'Banana'}),frozenset({'Organic Whole Milk'}),0.1551886506884791,0.0432561330813057,0.0099588997786911,0.0641728614464359,1.483555206514052,1.0,0.0032460388518019,1.0223510598308354,0.3858181125614875,0.0528363162684463,0.0218624117575949,0.1472018960836098,Banana,Organic Whole Milk,Banana,produce,Organic Whole Milk,dairy eggs
frozenset({'Organic Whole Milk'}),frozenset({'Banana'}),0.0432561330813057,0.1551886506884791,0.0099588997786911,0.2302309307207837,1.4835552065140518,1.0,0.0032460388518019,1.097486743787421,0.3406800205698039,0.0528363162684463,0.0888272631439673,0.1472018960836098,Organic Whole Milk,Banana,Organic Whole Milk,dairy eggs,Banana,produce
frozenset({'Pure Irish Butter'}),frozenset({'Bag of Organic Bananas'}),0.0114488668850606,0.1253455849213983,0.0021256415603285,0.1856639247943595,1.4812163101778624,1.0,0.0006905766439333,1.0740705732061904,0.3286417351743934,0.0157842157842157,0.0689624825909564,0.1013110865787833,Pure Irish Butter,Bag of Organic Bananas,Pure Irish Butter,dairy eggs,Bag of Organic Bananas,produce
frozenset({'Organic Grade A Free Range Large Brown Eggs'}),frozenset({'Bag of Organic Bananas'}),0.0130969117656951,0.1253455849213983,0.0024249803243621,0.1851566512583461,1.477169310546152,1.0,0.0007833402584271,1.0734019200491884,0.3273163651995275,0.0178284414331989,0.068382512345259,0.1022515036907809,Organic Grade A Free Range Large Brown Eggs,Bag of Organic Bananas,Organic Grade A Free Range Large Brown Eggs,dairy eggs,Bag of Organic Bananas,produce
frozenset({'Unsalted Butter'}),frozenset({'Banana'}),0.0114690470264561,0.1551886506884791,0.002596511526224,0.2263929618768328,1.4588242173152663,1.0,0.0008166455935056,1.0920419640455974,0.3181655074367896,0.0158264827077225,0.0842842739345082,0.1215621427142773,Unsalted Butter,Banana,Unsalted Butter,dairy eggs,Banana,produce
frozenset({'Unsweetened Almondmilk'}),frozenset({'Organic Strawberries'}),0.016645253294408,0.0857992344999697,0.0020819179206382,0.1250757728834108,1.45777259683424,1.0,0.0006537679299199,1.0448913599213971,0.3193374042575474,0.0207439678284182,0.0429627056393443,0.0746703835016818,Unsweetened Almondmilk,Organic Strawberries,Unsweetened Almondmilk,dairy eggs,Organic Strawberries,produce
frozenset({'Organic Half & Half'}),frozenset({'Bag of Organic Bananas'}),0.0258373077000692,0.1253455849213983,0.0046986095882578,0.1818536839364748,1.4508184237243904,1.0,0.0014600171417985,1.0690684513339408,0.3189753340285578,0.03207586159392,0.0646062010788551,0.1096694629835857,Organic Half & Half,Bag of Organic Bananas,Organic Half & Half,dairy eggs,Bag of Organic Bananas,produce
frozenset({'Sparkling Water Grapefruit'}),frozenset({'Banana'}),0.0251007325391326,0.1551886506884791,0.0055865358096609,0.222564652284604,1.4341554701147146,1.0,0.0016911869956205,1.0866644432802277,0.3105198012164767,0.0319773597982403,0.0797527183447913,0.1292815025797437,Sparkling Water Grapefruit,Banana,Sparkling Water Grapefruit,beverages,Banana,produce
frozenset({'Total Greek Strained Yogurt'}),frozenset({'Banana'}),0.0091920544056612,0.1551886506884791,0.0020314675671494,0.2210025612879619,1.424089714727887,1.0,0.0006049650468797,1.0844854005018256,0.3005598112570756,0.0125129480008286,0.0779036771382367,0.1170464357121416,Total Greek Strained Yogurt,Banana,Total Greek Strained Yogurt,dairy eggs,Banana,produce
frozenset({'Organic 2% Reduced Fat Milk'}),frozenset({'Banana'}),0.0093938558196164,0.1551886506884791,0.0020550110654441,0.2187611886860007,1.4096468247870464,1.0,0.0005971912560358,1.081374014036241,0.2933582175439154,0.0126440825279887,0.0752505728637879,0.1160016038573151,Organic 2% Reduced Fat Milk,Banana,Organic 2% Reduced Fat Milk,dairy eggs,Banana,produce
frozenset({'Shredded Parmesan'}),frozenset({'Bag of Organic Bananas'}),0.0118692864974673,0.1253455849213983,0.0020886446344367,0.1759705298951544,1.4038829529217318,1.0,0.000600881975812,1.0614358427828008,0.2911455951713962,0.0154569892473118,0.057879939895126,0.0963168094361465,Shredded Parmesan,Bag of Organic Bananas,Shredded Parmesan,dairy eggs,Bag of Organic Bananas,produce
frozenset({'Grated Parmesan'}),frozenset({'Bag of Organic Bananas'}),0.0150812923362549,0.1253455849213983,0.0026536885935114,0.1759589652096342,1.403790690513547,1.0,0.0007633151842529,1.0614209464715696,0.2920475433667624,0.0192612845738837,0.0578667178895878,0.0985649714960911,Grated Parmesan,Bag of Organic Bananas,Grated Parmesan,dairy eggs,Bag of Organic Bananas,produce
frozenset({'Half & Half'}),frozenset({'Organic Strawberries'}),0.0230558115443862,0.0857992344999697,0.0027646793711867,0.1199124726477024,1.3975937354982428,1.0,0.0007865083899028,1.0387611880495122,0.2911982991195729,0.0260596645848524,0.037314821246156,0.0760675652144823,Half & Half,Organic Strawberries,Half & Half,dairy eggs,Organic Strawberries,produce
frozenset({'Limes'}),frozenset({'Organic Whole Milk'}),0.0450723458069029,0.0432561330813057,0.0027243190883957,0.0604432505036937,1.3973336541683568,1.0,0.0007746636998857,1.0182927933108905,0.2977726198484789,0.0318246110325318,0.0179641783100644,0.0617121780859966,Limes,Organic Whole Milk,Limes,produce,Organic Whole Milk,dairy eggs
frozenset({'Organic Whole Milk'}),frozenset({'Limes'}),0.0432561330813057,0.0450723458069029,0.0027243190883957,0.0629811056682995,1.3973336541683563,1.0,0.0007746636998857,1.019112485318847,0.2972073500409546,0.0318246110325318,0.0187540488358034,0.0617121780859966,Organic Whole Milk,Limes,Organic Whole Milk,dairy eggs,Limes,produce
frozenset({'Spring Water'}),frozenset({'Bag of Organic Bananas'}),0.0175567230141059,0.1253455849213983,0.0030371112800263,0.1729885057471264,1.3800925326217433,1.0,0.0008364535645202,1.0576085352583509,0.2803326267202297,0.0217145605386557,0.0544705657507561,0.0986092040381011,Spring Water,Bag of Organic Bananas,Spring Water,beverages,Bag of Organic Bananas,produce
frozenset({'Pure Sparkling Water'}),frozenset({'Banana'}),0.0097436449371388,0.1551886506884791,0.0020785545637389,0.2133241284086987,1.3746116578906205,1.0,0.0005664514531567,1.0739001662814724,0.2752032937877653,0.0127633209417596,0.0688147451707378,0.1133589281648183,Pure Sparkling Water,Banana,Pure Sparkling Water,beverages,Banana,produce
frozenset({'Sparkling Water Grapefruit'}),frozenset({'Organic Avocado'}),0.0251007325391326,0.0582197079260868,0.0020045607119553,0.0798606458528741,1.3717115509109334,1.0,0.0005432033947962,1.023519196118773,0.2779607770878463,0.024651528312032,0.0229787542900599,0.0571458053065641,Sparkling Water Grapefruit,Organic Avocado,Sparkling Water Grapefruit,beverages,Organic Avocado,produce
frozenset({'100% Whole Wheat Bread'}),frozenset({'Organic Strawberries'}),0.0202675886749046,0.0857992344999697,0.0023812566846718,0.1174908728841686,1.3693697102182194,1.0,0.0006423130912047,1.0359108335658485,0.2753170363219178,0.0229661346827559,0.0346659503909569,0.0726223474573724,100% Whole Wheat Bread,Organic Strawberries,100% Whole Wheat Bread,bakery,Organic Strawberries,produce
frozenset({'Sparkling Natural Mineral Water'}),frozenset({'Bag of Organic Bananas'}),0.0148694008516019,0.1253455849213983,0.0025157909606419,0.1691924903867903,1.3498081363846,1.0,0.0006519772134672,1.052776250765722,0.2630655971491672,0.0182701936933636,0.0501305483737272,0.0946316643197233,Sparkling Natural Mineral Water,Bag of Organic Bananas,Sparkling Natural Mineral Water,beverages,Bag of Organic Bananas,produce
frozenset({'Shredded Parmesan'}),frozenset({'Banana'}),0.0118692864974673,0.1551886506884791,0.0024787940347502,0.2088410314536696,1.345723611405647,1.0,0.0006368154785732,1.0678149182379502,0.2599912728038274,0.0150614105000715,0.0635081202553854,0.1124069052719248,Shredded Parmesan,Banana,Shredded Parmesan,dairy eggs,Banana,produce
frozenset({'Fat Free Milk'}),frozenset({'Banana'}),0.0100228035597769,0.1551886506884791,0.0020852812775374,0.2080536912751678,1.3406501722397746,1.0,0.00052985591698,1.0667533139611576,0.2566657701892095,0.0127832415826477,0.0625761486629778,0.110745382296954,Fat Free Milk,Banana,Fat Free Milk,dairy eggs,Banana,produce
frozenset({'Half & Half'}),frozenset({'Organic Hass Avocado'}),0.0230558115443862,0.068471219755013,0.0021155514896307,0.0917578409919766,1.3400935651545576,1.0,0.0005368919507449,1.0256392207804987,0.2597727185041851,0.0236608486307553,0.0249982842514423,0.0613273928410123,Half & Half,Organic Hass Avocado,Half & Half,dairy eggs,Organic Hass Avocado,produce
frozenset({'Half & Half'}),frozenset({'Organic Baby Spinach'}),0.0230558115443862,0.0767787112961704,0.002357713186377,0.1022611232676878,1.3318942391885176,1.0,0.0005875176881117,1.0283851046579056,0.2550704920960892,0.0241874266786281,0.0276016295153827,0.0664845129217359,Half & Half,Organic Baby Spinach,Half & Half,dairy eggs,Organic Baby Spinach,produce
frozenset({'Sparkling Lemon Water'}),frozenset({'Banana'}),0.0107291085086202,0.1551886506884791,0.0022164521966083,0.2065830721003134,1.3311738402507405,1.0,0.0005514163240653,1.0647760585949235,0.251481486732279,0.0135396120973044,0.0608353823060239,0.1104326903381002,Sparkling Lemon Water,Banana,Sparkling Lemon Water,beverages,Banana,produce
frozenset({'Organic Half & Half'}),frozenset({'Organic Strawberries'}),0.0258373077000692,0.0857992344999697,0.0029261205023509,0.1132517573548555,1.3199623285088335,1.0,0.0007092992801448,1.030958643654027,0.2488317642035217,0.0269166511973268,0.0300289869478181,0.073678015094519,Organic Half & Half,Organic Strawberries,Organic Half & Half,dairy eggs,Organic Strawberries,produce
frozenset({'Organic Reduced Fat 2% Milk'}),frozenset({'Banana'}),0.0142606332528369,0.1551886506884791,0.0029059403609554,0.2037735849056603,1.3130701504371547,1.0,0.0006928519284844,1.0610189932111516,0.2418753618946739,0.0174485530221943,0.0575098029362123,0.111249398378146,Organic Reduced Fat 2% Milk,Banana,Organic Reduced Fat 2% Milk,dairy eggs,Banana,produce
frozenset({'2% Reduced Fat Milk'}),frozenset({'Banana'}),0.0128211164999562,0.1551886506884791,0.0026099649538211,0.2035676810073452,1.3117433530366898,1.0,0.000620273183873,1.0607446849721731,0.2407423375869806,0.0157797344286963,0.0572660752702867,0.1101928476773359,2% Reduced Fat Milk,Banana,2% Reduced Fat Milk,dairy eggs,Banana,produce
frozenset({'Organic Whole Milk'}),frozenset({'Large Lemon'}),0.0432561330813057,0.0497642286813622,0.0028184930815748,0.0651582303086851,1.3093386963935452,1.0,0.0006658849830453,1.0164669595715712,0.2469372235439633,0.0312465043439352,0.0162001916702848,0.0608975796041939,Organic Whole Milk,Large Lemon,Organic Whole Milk,dairy eggs,Large Lemon,produce
frozenset({'Large Lemon'}),frozenset({'Organic Whole Milk'}),0.0497642286813622,0.0432561330813057,0.0028184930815748,0.0566369288997026,1.309338696393545,1.0,0.0006658849830453,1.0141841420639777,0.2486284786056481,0.0312465043439352,0.0139857659725494,0.0608975796041939,Large Lemon,Organic Whole Milk,Large Lemon,produce,Organic Whole Milk,dairy eggs
frozenset({'Grated Parmesan'}),frozenset({'Banana'}),0.0150812923362549,0.1551886506884791,0.0030640181352204,0.2031668153434433,1.3091602668243705,1.0,0.0007235727269184,1.0602110524245338,0.2397675860824628,0.0183248179587239,0.0567915720995746,0.1114553220212156,Grated Parmesan,Banana,Grated Parmesan,dairy eggs,Banana,produce
frozenset({'Sparkling Water Grapefruit'}),frozenset({'Organic Strawberries'}),0.0251007325391326,0.0857992344999697,0.0028151297246756,0.1121532895618384,1.3071595593533876,1.0,0.0006615060874295,1.0296831139340064,0.2410325461953789,0.0260455563853622,0.0288274261589073,0.0724819760235691,Sparkling Water Grapefruit,Organic Strawberries,Sparkling Water Grapefruit,beverages,Organic Strawberries,produce
frozenset({'Organic Sticks Low Moisture Part Skim Mozzarella String Cheese'}),frozenset({'Banana'}),0.0112167952590121,0.1551886506884791,0.0022702659069964,0.2023988005997001,1.3042113563187632,1.0,0.0005295465857014,1.0591901691556098,0.2358991434365516,0.0138316837769717,0.0558824759512226,0.1085139361790031,Organic Sticks Low Moisture Part Skim Mozzarella String Cheese,Banana,Organic Sticks Low Moisture Part Skim Mozzarella String Cheese,dairy eggs,Banana,produce
frozenset({'100% Whole Wheat Bread'}),frozenset({'Bag of Organic Bananas'}),0.0202675886749046,0.1253455849213983,0.0033129065457651,0.1634583471622967,1.30406146546604,1.0,0.0007724537883629,1.0455599097924326,0.2379884316042403,0.0232810985842255,0.0435746525528866,0.0949442642755779,100% Whole Wheat Bread,Bag of Organic Bananas,100% Whole Wheat Bread,bakery,Bag of Organic Bananas,produce
frozenset({'Original Hummus'}),frozenset({'Bag of Organic Bananas'}),0.0227665628510503,0.1253455849213983,0.0037198727305749,0.1633919338159255,1.303531623538119,1.0,0.0008661845933602,1.0454769090000096,0.2382780596424443,0.02576226968857,0.0434987215963554,0.0965344342257689,Original Hummus,Bag of Organic Bananas,Original Hummus,deli,Bag of Organic Bananas,produce
frozenset({'Uncured Genoa Salami'}),frozenset({'Banana'}),0.0137460396472511,0.1551886506884791,0.0027781327987838,0.2021042329336922,1.3023132299757534,1.0,0.0006449034536165,1.0587991366562972,0.235370993630335,0.0167199708513825,0.0555337973187113,0.1100029411130393,Uncured Genoa Salami,Banana,Uncured Genoa Salami,deli,Banana,produce
frozenset({'Sparkling Water Grapefruit'}),frozenset({'Organic Hass Avocado'}),0.0251007325391326,0.068471219755013,0.0022130888397091,0.0881682969315288,1.2876694361074776,1.0,0.0004944110660103,1.021601658628705,0.2291551333977905,0.0242241284099694,0.0211448938500167,0.0602448715230392,Sparkling Water Grapefruit,Organic Hass Avocado,Sparkling Water Grapefruit,beverages,Organic Hass Avocado,produce
frozenset({'Sparkling Water Grapefruit'}),frozenset({'Organic Baby Spinach'}),0.0251007325391326,0.0767787112961704,0.0024552505364554,0.0978158917325472,1.2739975714782026,1.0,0.0005280486395109,1.0233180569726243,0.2206065329732591,0.0246946990967829,0.0227867150528041,0.064897082014863,Sparkling Water Grapefruit,Organic Baby Spinach,Sparkling Water Grapefruit,beverages,Organic Baby Spinach,produce
frozenset({'Organic Grade A Free Range Large Brown Eggs'}),frozenset({'Banana'}),0.0130969117656951,0.1551886506884791,0.0024821573916494,0.1895223420647149,1.2212384167522417,1.0,0.0004496653265451,1.0423622922113631,0.1835631815497239,0.0149704850193723,0.0406406606684629,0.1027583969268981,Organic Grade A Free Range Large Brown Eggs,Banana,Organic Grade A Free Range Large Brown Eggs,dairy eggs,Banana,produce
frozenset({'Organic Unsweetened Almond Milk'}),frozenset({'Banana'}),0.0182462111784529,0.1551886506884791,0.0034474408217353,0.1889400921658986,1.2174865322153685,1.0,0.0006158359287741,1.0416139931852273,0.181955679822577,0.0202805642943352,0.0399514536646853,0.1055773042698113,Organic Unsweetened Almond Milk,Banana,Organic Unsweetened Almond Milk,dairy eggs,Banana,produce
frozenset({'Organic Whole Milk'}),frozenset({'Strawberries'}),0.0432561330813057,0.0490411069480226,0.0025191543175412,0.0582380841303164,1.1875360846165524,1.0,0.000397825668943,1.0097657136345344,0.1650601907322545,0.0280597909564305,0.0096712668123616,0.0548031515226714,Organic Whole Milk,Strawberries,Organic Whole Milk,dairy eggs,Strawberries,produce
frozenset({'Strawberries'}),frozenset({'Organic Whole Milk'}),0.0490411069480226,0.0432561330813057,0.0025191543175412,0.0513682189150264,1.1875360846165524,1.0,0.000397825668943,1.008551353639494,0.1660643023682022,0.0280597909564305,0.0084788480116904,0.0548031515226714,Strawberries,Organic Whole Milk,Strawberries,produce,Organic Whole Milk,dairy eggs
frozenset({'Unsweetened Almondmilk'}),frozenset({'Banana'}),0.016645253294408,0.1551886506884791,0.0030606547783211,0.1838755304101838,1.1848516601854466,1.0,0.0004775003791939,1.0351501281858668,0.1586533166668815,0.0181347150259067,0.033956551063244,0.1017988432051352,Unsweetened Almondmilk,Banana,Unsweetened Almondmilk,dairy eggs,Banana,produce
frozenset({'Half & Half'}),frozenset({'Bag of Organic Bananas'}),0.0230558115443862,0.1253455849213983,0.0033398134009592,0.1448577680525164,1.155667095441405,1.0,0.0004498692170906,1.022817471061722,0.1378777921088569,0.0230234175747739,0.0223084486795445,0.0857513054065308,Half & Half,Bag of Organic Bananas,Half & Half,dairy eggs,Bag of Organic Bananas,produce
frozenset({'Extra Virgin Olive Oil'}),frozenset({'Banana'}),0.0160734826215349,0.1551886506884791,0.0027310458021942,0.1699100230173676,1.0948611400613293,1.0,0.0002366237222935,1.0177346706225758,0.0880575570811207,0.0162049972060349,0.0174256327650968,0.0937541272625686,Extra Virgin Olive Oil,Banana,Extra Virgin Olive Oil,pantry,Banana,produce
frozenset({'Extra Virgin Olive Oil'}),frozenset({'Bag of Organic Bananas'}),0.0160734826215349,0.1253455849213983,0.0021693652000188,0.1349654739485248,1.07674693155853,1.0,0.0001546251190986,1.0111208151090076,0.0724410460350532,0.0155789575382831,0.010998502792971,0.0761362735203609,Extra Virgin Olive Oil,Bag of Organic Bananas,Extra Virgin Olive Oil,pantry,Bag of Organic Bananas,produce
frozenset({'Organic Half & Half'}),frozenset({'Organic Baby Spinach'}),0.0258373077000692,0.0767787112961704,0.0021222782034292,0.0821400676907055,1.0698286843322216,1.0,0.0001385230148553,1.0058411487480952,0.0670020557789538,0.021118511329027,0.0058072278663138,0.0548907802970787,Organic Half & Half,Organic Baby Spinach,Organic Half & Half,dairy eggs,Organic Baby Spinach,produce
frozenset({'Sparkling Water Grapefruit'}),frozenset({'Bag of Organic Bananas'}),0.0251007325391326,0.1253455849213983,0.003363356899254,0.133994372236366,1.0689995369233882,1.0,0.0002170908971808,1.0099869874255925,0.06620776308481,0.0228670737005785,0.0098882337593762,0.0804135218485683,Sparkling Water Grapefruit,Bag of Organic Bananas,Sparkling Water Grapefruit,beverages,Bag of Organic Bananas,produce
frozenset({'Organic Half & Half'}),frozenset({'Banana'}),0.0258373077000692,0.1551886506884791,0.0041369289860824,0.1601145535016922,1.031741385670665,1.0,0.0001272720666856,1.0058649698405304,0.0315808298049836,0.0233871427756545,0.005830772535463,0.0933859865750805,Organic Half & Half,Banana,Organic Half & Half,dairy eggs,Banana,produce
